Tick,Year,Consumer_Price,Market_Price,Demand,Total_Capacity,Actual_Production,Num_Investors,Num_Production_Sites,Num_Active_Contracts,Total_Contracted_Capacity
0,2024,,,,100000.0,95882.18614818729,1,1,1,77434.46841016506
1,2025,1560.71,1560.71,70100.0,100000.0,70100.0,2,2,2,162044.9585776874
2,2026,1560.71,1560.71,76000.0,100000.0,76000.0,3,3,3,245705.6184249808
3,2027,1560.71,1560.71,83200.0,100000.0,83200.0,3,3,3,245705.6184249808
4,2028,1560.71,1560.71,91100.0,200000.0,91100.0,3,3,3,245705.6184249808
5,2029,1535.71,1535.71,99800.0,300000.0,99800.0,3,3,3,245705.6184249808
6,2030,1535.71,1535.71,108800.0,300000.0,108800.0,3,3,3,245705.6184249808
7,2031,1535.71,1535.71,118000.0,300000.0,117281.02984431802,3,3,3,245705.6184249808
8,2032,1535.71,1535.71,127500.0,300000.0,127500.0,3,3,3,245705.6184249808
9,2033,1535.71,1535.71,137100.0,300000.0,137100.0,3,3,3,245705.6184249808
10,2034,1535.71,1535.71,147400.0,300000.0,146329.03463839134,3,3,3,245705.6184249808
11,2035,1535.71,1535.71,158700.0,300000.0,158700.0,3,3,3,245705.6184249808
12,2036,1535.71,1535.71,172900.0,300000.0,171054.6991963789,3,3,3,245705.6184249808
13,2037,1535.71,1535.71,188800.0,300000.0,188800.0,4,4,4,325138.0393204703
14,2038,1560.71,1560.71,206200.0,300000.0,203701.90195572248,5,5,5,403775.7212851257
15,2039,1560.71,1560.71,225100.0,300000.0,224262.61908648856,5,5,5,403775.7212851257
16,2040,1560.71,1560.71,245600.0,400000.0,245415.2380131841,5,5,5,403775.7212851257
17,2041,1540.71,1540.71,267500.0,500000.0,266708.2850653272,5,5,5,403775.7212851257
18,2042,1540.71,1540.71,290300.0,500000.0,288726.5259311462,5,5,5,403775.7212851257
19,2043,1540.71,1540.71,314800.0,500000.0,310664.37481547415,6,6,6,488101.35650861304
20,2044,1540.71,1540.71,341200.0,500000.0,341200.0,6,6,6,488101.35650861304
21,2045,1540.71,1540.71,369400.0,500000.0,367306.5949969262,6,6,4,326056.39793092565
22,2046,1540.71,1540.71,399500.0,600000.0,397873.47627036885,6,7,4,325715.2512870191
23,2047,1560.71,1560.71,431200.0,600000.0,430519.49053322256,6,7,4,325715.2512870191
24,2048,1560.71,1560.71,465000.0,600000.0,464355.0819647878,7,8,5,406290.84031511476
25,2049,1565.71,1565.71,500700.0,700000.0,499267.7681469292,7,8,5,406290.84031511476
26,2050,1565.71,1565.71,538300.0,700000.0,536036.1946654002,7,8,5,406290.84031511476
27,2051,1565.71,1565.71,577900.0,800000.0,575290.5989568605,7,8,5,406290.84031511476
28,2052,1565.71,1565.71,616200.0,800000.0,615713.6335135016,7,8,5,406290.84031511476
29,2053,1565.71,1565.71,656000.0,800000.0,651006.6365856804,8,9,6,489285.9350191649
30,2054,1565.71,1565.71,697400.0,800000.0,696492.8038930496,9,11,8,653374.5952231671
31,2055,1570.71,1570.71,740000.0,800000.0,735485.4487128308,9,11,8,653374.5952231671
32,2056,1570.71,1570.71,784000.0,900000.0,764842.829486544,10,12,9,737982.771393713
33,2057,1580.71,1580.71,827600.0,1100000.0,824339.364763171,10,12,8,658550.3504982234
34,2058,1580.71,1580.71,870800.0,1100000.0,867862.5076405357,10,12,7,579912.668533568
35,2059,1585.71,1585.71,913900.0,1200000.0,905647.9292027614,10,12,7,579912.668533568
36,2060,1585.71,1585.71,957200.0,1200000.0,951107.5088821971,11,14,9,749198.2336119859
37,2061,1585.71,1585.71,999900.0,1200000.0,997585.3331535357,11,14,9,749198.2336119859
38,2062,1585.71,1585.71,1041700.0,1200000.0,1035070.9851282451,11,14,9,749198.2336119859
39,2063,1585.71,1585.71,1083100.0,1400000.0,1078398.843536635,11,14,8,664872.5983884986
40,2064,1590.71,1590.71,1124000.0,1400000.0,1117122.149860396,11,14,8,664872.5983884986
41,2065,1590.71,1590.71,1164400.0,1400000.0,1157090.493990148,11,14,8,664872.5983884986
42,2066,1605.71,1605.71,1204200.0,1400000.0,1201294.981086605,11,15,8,666624.499382504
43,2067,1605.71,1605.71,1242400.0,1400000.0,1234024.9833782013,11,15,8,666624.499382504
44,2068,1605.71,1605.71,1280200.0,1400000.0,1275815.2986715236,12,16,8,668858.118141563
45,2069,1610.71,1610.71,1317700.0,1500000.0,1305112.8347260933,12,16,8,668858.118141563
46,2070,1610.71,1610.71,1355200.0,1500000.0,1354980.4336781697,13,17,9,747601.2737032085
47,2071,1615.71,1615.71,1388700.0,1600000.0,1374176.732980962,13,17,9,747601.2737032085
48,2072,1620.71,1620.71,1421500.0,1600000.0,1416228.8679378286,13,17,9,747601.2737032085
49,2073,1620.71,1620.71,1454300.0,1700000.0,1449503.1203244335,13,17,8,664606.1789991584
50,2074,1620.71,1620.71,1486800.0,1700000.0,1475204.5441141543,13,19,8,659768.984647297
51,2075,1740.71,1740.71,1519000.0,1700000.0,1512586.8745294774,13,19,8,659768.984647297
52,2076,1740.71,1740.71,1550900.0,1700000.0,1542334.0546070824,13,19,7,575160.8084767511
53,2077,1740.71,1740.71,1581800.0,1900000.0,1574287.9059900707,13,19,7,575160.8084767511
54,2078,1740.71,1740.71,1612500.0,1900000.0,1605089.7416101221,14,21,9,738861.2835288054
55,2079,1740.71,1740.71,1643400.0,1900000.0,1629827.5597984125,14,21,9,738861.2835288054
56,2080,1740.71,1740.71,1674700.0,1900000.0,1670249.6293594844,14,21,7,569575.7184503875
57,2081,1740.71,1740.71,1706200.0,2100000.0,1701980.7660825066,14,22,8,656247.6187652184
58,2082,1740.71,1740.71,1736500.0,2100000.0,1719645.8172858006,14,22,8,656247.6187652184
59,2083,1740.71,1740.71,1767000.0,2100000.0,1763860.0292029725,14,22,8,656247.6187652184
60,2084,1740.71,1740.71,1797800.0,2200000.0,1785911.4468062327,14,25,11,902536.1001720275
61,2085,1760.71,1760.71,1828700.0,2200000.0,1821741.1262587893,14,25,11,902536.1001720275
62,2086,1760.71,1760.71,1860200.0,2200000.0,1844626.046025383,14,25,10,817464.6859746352
63,2087,1760.71,1760.71,1891600.0,2500000.0,1879697.9246499194,14,25,10,817464.6859746352
64,2088,1760.71,1760.71,1923000.0,2500000.0,1912454.7850947925,14,25,9,734655.4781874805
65,2089,1760.71,1760.71,1954400.0,2500000.0,1948053.1019339808,14,25,9,734655.4781874805
66,2090,1760.71,1760.71,1985600.0,2500000.0,1979643.3966760694,14,25,8,655912.322625835
67,2091,1760.71,1760.71,2016800.0,2500000.0,2003617.2373520357,14,25,8,655912.322625835
68,2092,1760.71,1760.71,2047100.0,2500000.0,2036547.6948756652,14,25,8,655912.322625835
69,2093,1760.71,1760.71,2077200.0,2500000.0,2063698.1086357192,14,25,8,655912.322625835
70,2094,1765.71,1765.71,2107700.0,2500000.0,2098707.800033857,14,25,6,496660.8567736943
71,2095,1765.71,1765.71,2137300.0,2500000.0,2119870.346112697,14,25,6,496660.8567736943
72,2096,1765.71,1765.71,2157500.0,2500000.0,2147046.1030543875,14,25,6,496660.8567736943
73,2097,1765.71,1765.71,2177300.0,2500000.0,2166181.8261557207,14,25,6,496660.8567736943
74,2098,1765.71,1765.71,2196400.0,2500000.0,2183715.9126208397,14,25,4,332960.38172163995
75,2099,1765.71,1765.71,2214800.0,2500000.0,2204237.3243486956,14,25,4,332960.38172163995
76,2100,1765.71,1765.71,2232700.0,2500000.0,2227958.608830648,14,25,4,332960.38172163995
77,2101,1765.71,1765.71,2249900.0,2500000.0,2232971.8052531113,14,25,3,246288.48140680895
78,2102,1765.71,1765.71,2249900.0,2500000.0,2243559.1085280986,14,25,3,246288.48140680895
79,2103,1765.71,1765.71,2249900.0,2500000.0,2230985.199644411,14,25,3,246288.48140680895
80,2104,1765.71,1765.71,2249900.0,2500000.0,2242730.2715172796,14,25,0,0.0
81,2105,1765.71,1765.71,2249900.0,2500000.0,2235419.0845645946,14,25,0,0.0
82,2106,1765.71,1765.71,2249900.0,2500000.0,2234057.923534415,14,25,0,0.0
83,2107,1765.71,1765.71,2249900.0,2500000.0,2239047.767095548,14,25,0,0.0
84,2108,1765.71,1765.71,2249900.0,2500000.0,2231191.0793465106,14,25,0,0.0
85,2109,1765.71,1765.71,2249900.0,2500000.0,2241696.333738528,14,25,0,0.0
86,2110,1765.71,1765.71,2249900.0,2500000.0,2238456.252865142,14,25,0,0.0
87,2111,1765.71,1765.71,2249900.0,2500000.0,2240992.5728993914,14,25,0,0.0
88,2112,1765.71,1765.71,2249900.0,2500000.0,2229359.006949611,14,25,0,0.0
89,2113,1765.71,1765.71,2249900.0,2500000.0,2245519.485034015,14,25,0,0.0
90,2114,1765.71,1765.71,2249900.0,2500000.0,2232381.7730996534,14,25,0,0.0
91,2115,1765.71,1765.71,2249900.0,2500000.0,2242672.2685808814,14,25,0,0.0
92,2116,1765.71,1765.71,2249900.0,2500000.0,2235340.8632363253,14,25,0,0.0
93,2117,1765.71,1765.71,2249900.0,2500000.0,2241253.7404401125,14,25,0,0.0
94,2118,1765.71,1765.71,2249900.0,2500000.0,2236464.6637590807,14,25,0,0.0
95,2119,1765.71,1765.71,2249900.0,2500000.0,2243451.828084501,14,25,0,0.0
96,2120,1765.71,1765.71,2249900.0,2500000.0,2238795.483647033,14,25,0,0.0
97,2121,1765.71,1765.71,2249900.0,2500000.0,2244086.9410885395,14,25,0,0.0
98,2122,1765.71,1765.71,2249900.0,2500000.0,2236492.385289862,14,25,0,0.0
99,2123,1765.71,1765.71,2249900.0,2500000.0,2240476.694234196,14,25,0,0.0
100,2124,1765.71,1765.71,2249900.0,2500000.0,2242257.489492822,14,25,0,0.0
